,link,title,discounted price,max price
0,,,,
1,https://www.nike.com/in/t/air-max-90-shoes-kRsBnD/DM0029-004,Nike Air Max 90,₹ 10 257,MRP : ₹ 10 795
2,https://www.nike.com/in/t/pegasus-turbo-next-nature-road-running-shoes-wq9drv/DM3414-002,Nike Pegasus Turbo Next Nature,₹ 13 297,MRP : ₹ 13 995
3,https://www.nike.com/in/t/air-jordan-1-elevate-low-shoes-XlkVrM/DH7004-141,Air Jordan 1 Elevate Low,₹ 11 297,MRP : ₹ 11 895
4,https://www.nike.com/in/t/dri-fit-swoosh-short-sleeve-running-top-jtW23k/DQ6372-530,Nike Dri-FIT Swoosh,₹ 2 087,MRP : ₹ 2 195
5,https://www.nike.com/in/t/dri-fit-swoosh-run-running-shorts-65klmb/DQ6361-425,Nike Dri-FIT Swoosh Run,₹ 1 987,MRP : ₹ 2 095
6,https://www.nike.com/in/t/air-jordan-1-mid-shoes-86f1ZW/BQ6472-117,Air Jordan 1 Mid,₹ 9 777,MRP : ₹ 10 295
7,https://www.nike.com/in/t/sb-blazer-court-mid-prm-skate-shoes-wMFsMv/DQ5132-444,Nike SB Blazer Court Mid PRM,₹ 7 117,MRP : ₹ 7 495
8,https://www.nike.com/in/t/fontanka-waffle-shoes-V8djsD/DX3284-126,Nike Fontanka Waffle,₹ 9 207,MRP : ₹ 9 695
9,https://www.nike.com/in/t/dunk-high-shoes-n3vgBk/DD1869-400,Nike Dunk High,₹ 8 827,MRP : ₹ 9 295
10,https://www.nike.com/in/t/offcourt-slides-kJDhS7/BQ4632-106,Nike Offcourt,₹ 2 367,MRP : ₹ 2 495
11,https://www.nike.com/in/t/nikecourt-react-vapor-nxt-hard-court-tennis-shoes-qXfkpM/CV0742-402,NikeCourt React Vapor NXT,₹ 13 767,MRP : ₹ 14 495
12,https://www.nike.com/in/t/nikecourt-zoom-nxt-hard-court-tennis-shoes-6xrnQj/DH0222-102,NikeCourt Zoom NXT,₹ 12 347,MRP : ₹ 12 995
13,https://www.nike.com/in/t/sportswear-older-shorts-p61K6k/DV2566-633,Nike Sportswear,₹ 1 797,MRP : ₹ 1 895
14,https://www.nike.com/in/t/victori-one-slides-ZrXwcX/DR9880-001,Nike Victori One,₹ 1 987,MRP : ₹ 2 095
15,https://www.nike.com/in/t/air-jordan-1-mid-se-shoes-CVQmnL/DM3381-600,Air Jordan 1 Mid SE,₹ 11 297,MRP : ₹ 11 895
16,https://www.nike.com/in/t/air-jordan-1-mid-se-shoes-hHltxp/DN4904-001,Air Jordan 1 Mid SE,₹ 9 777,MRP : ₹ 10 295
17,https://www.nike.com/in/t/zoomx-streakfly-road-racing-shoes-H9cRPz/DV1034-010,Nike ZoomX Streakfly,₹ 14 247,MRP : ₹ 14 995
18,https://www.nike.com/in/t/liverpool-fc-2021-22-stadium-home-football-shirt-gcNpBV/DB2560-688,Liverpool F.C. 2021/22 Stadium Home,₹ 4 457,MRP : ₹ 4 695
19,https://www.nike.com/in/t/lebron-19-basketball-shoes-t8kzPM/DH8459-900,LeBron 19,₹ 17 757,MRP : ₹ 18 695
20,https://www.nike.com/in/t/jordan-air-200e-shoes-j54hgQ/DH7381-146,Jordan Air 200E,₹ 11 397,MRP : ₹ 11 995
21,https://www.nike.com/in/t/waffle-debut-shoes-JG8KbZ/DX2940-100,Nike Waffle Debut,₹ 5 977,MRP : ₹ 6 295
22,https://www.nike.com/in/t/air-essential-older-mid-rise-leggings-4jXQFl/DQ9121-430,Nike Air Essential,₹ 2 087,MRP : ₹ 2 195
23,https://www.nike.com/in/t/zoom-mercurial-superfly-9-elite-km-fg-football-boot-RbvQKW/DO9342-694,Nike Zoom Mercurial Superfly 9 Elite KM FG,₹ 22 797,MRP : ₹ 23 995
24,https://www.nike.com/in/t/acg-icon-fleece-polartec-wolf-tree-older-oversized-hoodie-jMKTbm/DQ8730-025,Nike ACG Icon Fleece Polartec® 'Wolf Tree',₹ 4 557,MRP : ₹ 4 795
25,https://www.nike.com/in/t/acg-dri-fit-older-long-sleeve-top-KTvHLN/DR6150-480,Nike ACG Dri-FIT,₹ 1 797,MRP : ₹ 1 895
26,https://www.nike.com/in/t/dri-fit-adv-run-division-techknit-short-sleeve-running-top-qKk7B7/DQ4779-011,Nike Dri-FIT ADV Run Division TechKnit,₹ 4 267,MRP : ₹ 4 495
27,https://www.nike.com/in/t/infinity-react-3-road-running-shoes-WnVRk9/DD3024-007,Nike Infinity React 3,₹ 13 297,MRP : ₹ 13 995
28,https://www.nike.com/in/t/acg-lowcate-shoes-HjWrQ6/DM8019-001,Nike ACG Lowcate,₹ 9 207,MRP : ₹ 9 695
29,https://www.nike.com/in/t/yoga-dri-fit-older-leggings-p8jt2d/DQ8917-569,Nike Yoga Dri-FIT,₹ 2 087,MRP : ₹ 2 195
30,https://www.nike.com/in/t/vaporfly-next-2-road-racing-shoes-D4ntS0/CU4111-001,Nike Vaporfly NEXT% 2,₹ 18 707,MRP : ₹ 19 695
31,https://www.nike.com/in/t/dri-fit-flex-9-woven-camo-fitness-shorts-3g0HSd/DQ4798-386,Nike Dri-FIT Flex,₹ 2 367,MRP : ₹ 2 495
32,https://www.nike.com/in/t/dri-fit-10k2-older-running-shorts-2VPhK2/DQ8908-010,Nike Dri-FIT 10K2,₹ 1 417,MRP : ₹ 1 495
33,https://www.nike.com/in/t/air-kukini-shoes-nT8GrX/DV0659-200,Nike Air Kukini,₹ 11 297,MRP : ₹ 11 895
34,https://www.nike.com/in/t/air-jordan-5-retro-green-bean-shoes-KNZDfn/DM9014-003,Air Jordan 5 Retro 'Green Bean',₹ 17 477,MRP : ₹ 18 395
35,https://www.nike.com/in/t/jordan-delta-3-low-shoes-fQrm6Q/DN2647-651,Jordan Delta 3 Low,₹ 12 157,MRP : ₹ 12 795
36,https://www.nike.com/in/t/air-force-1-07-lx-shoes-qRL27v/DO9456-100,Nike Air Force 1 '07 LX,₹ 12 157,MRP : ₹ 12 795
37,https://www.nike.com/in/t/dri-fit-graphic-training-tank-j1xC6Q/DR7564-010,Nike Dri-FIT,₹ 2 087,MRP : ₹ 2 195
38,https://www.nike.com/in/t/dunk-low-shoes-PSwDKn/DJ9955-100,Nike Dunk Low,₹ 8 257,MRP : ₹ 8 695
39,https://www.nike.com/in/t/waffle-1-se-shoes-DzDb8S/DX4309-001,Nike Waffle 1 SE,₹ 9 207,MRP : ₹ 9 695
40,https://www.nike.com/in/t/dri-fit-icon-clash-tempo-luxe-running-shorts-K4B1RV/DQ6118-623,Nike Dri-FIT Icon Clash Tempo Luxe,₹ 2 367,MRP : ₹ 2 495
41,https://www.nike.com/in/t/air-dri-fit-short-sleeve-running-top-BD9wqC/DM7790-010,Nike Air Dri-FIT,₹ 2 467,MRP : ₹ 2 595
42,https://www.nike.com/in/t/acg-air-mada-shoes-fNjmJd/DM3004-002,Nike ACG Air Mada,₹ 12 347,MRP : ₹ 12 995
43,https://www.nike.com/in/t/sportswear-t-shirt-SVm4hj/DR7992-247,Nike Sportswear,₹ 1 707,MRP : ₹ 1 795
44,https://www.nike.com/in/t/dri-fit-phenom-elite-woven-running-trousers-zzl5HQ/DQ4746-010,Nike Dri-FIT Phenom Elite,₹ 4 457,MRP : ₹ 4 695
45,https://www.nike.com/in/t/sportswear-club-unlined-woven-bomber-jacket-4csWdS/DQ4590-206,Nike Sportswear Club+,₹ 5 217,MRP : ₹ 5 495
46,https://www.nike.com/in/t/acg-snowgrass-cargo-shorts-1HTZKl/DN3946-222,Nike ACG 'Snowgrass',₹ 5 977,MRP : ₹ 6 295
47,https://www.nike.com/in/t/react-infinity-run-flyknit-3-road-running-shoes-S5Srkq/DH5392-004,Nike React Infinity Run Flyknit 3,₹ 13 297,MRP : ₹ 13 995
48,https://www.nike.com/in/t/air-max-systm-older-shoes-S175cF/DQ0284-101,Nike Air Max SYSTM,₹ 6 167,MRP : ₹ 6 495
49,https://www.nike.com/in/t/sportswear-t-shirt-Qs4XKh/DR7972-010,Nike Sportswear,₹ 2 087,MRP : ₹ 2 195
50,https://www.nike.com/in/t/paris-saint-germain-printed-shorts-PwfpKW/DM3098-070,Paris Saint-Germain,₹ 2 657,MRP : ₹ 2 795
51,https://www.nike.com/in/t/dri-fit-run-division-2-in-1-running-shorts-HKpRNw/DM7746-010,Nike Dri-FIT Run Division,₹ 3 507,MRP : ₹ 3 695
52,https://www.nike.com/in/t/sportswear-tech-pack-t-shirt-MWnMRb/DQ4301-247,Nike Sportswear Tech Pack,₹ 3 797,MRP : ₹ 3 995
53,https://www.nike.com/in/t/zoom-air-fire-shoes-gKRn13/DX3217-043,Nike Zoom Air Fire,₹ 11 297,MRP : ₹ 11 895
54,https://www.nike.com/in/t/one-high-waisted-leopard-print-leggings-JNmw7x/DQ5545-256,Nike One (M),₹ 3 507,MRP : ₹ 3 695
55,https://www.nike.com/in/t/acg-t-shirt-pm1gPn/DQ1816-121,Nike ACG,₹ 2 087,MRP : ₹ 2 195
56,https://www.nike.com/in/t/air-max-flyknit-racer-shoes-Q9lN71/DJ6106-001,Nike Air Max Flyknit Racer,₹ 14 247,MRP : ₹ 14 995
57,https://www.nike.com/in/t/air-older-woven-shorts-G8DNM4/DQ9104-084,Nike Air,₹ 2 277,MRP : ₹ 2 395
58,https://www.nike.com/in/t/air-force-1-mid-07-lx-shoes-nCq9WX/DQ8766-002,Nike Air Force 1 Mid '07 LX,₹ 11 297,MRP : ₹ 11 895
59,https://www.nike.com/in/t/gore-tex-trail-running-jacket-QbJxKK/DM7566-010,Nike GORE-TEX,₹ 10 917,MRP : ₹ 11 495
60,https://www.nike.com/in/t/jordan-series-6-shoes-ZFJvnZ/DN3680-101,Jordan Series .06,₹ 7 117,MRP : ₹ 7 495
61,https://www.nike.com/in/t/air-zoom-alphafly-next-2-road-racing-shoes-RPr2Bt/DV9425-300,Nike Air Zoom Alphafly NEXT% 2,₹ 21 657,MRP : ₹ 22 795
62,https://www.nike.com/in/t/air-force-1-mid-qs-shoes-Bxtdl9/DQ3505-100,Nike Air Force 1 Mid QS,₹ 13 297,MRP : ₹ 13 995
63,https://www.nike.com/in/t/club-fleece-french-terry-shorts-z0Wx1N/DQ4596-010,Nike Club Fleece+,₹ 3 607,MRP : ₹ 3 795
64,https://www.nike.com/in/t/offcourt-slides-ZBxx9j/BQ4639-020,Nike Offcourt,₹ 2 367,MRP : ₹ 2 495
65,https://www.nike.com/in/t/sb-zoom-blazer-mid-ek-skate-shoes-rK3Bmc/DO9399-100,Nike SB Zoom Blazer Mid EK,₹ 8 067,MRP : ₹ 8 495
66,https://www.nike.com/in/t/acg-dri-fit-new-sands-trousers-QdDm94/DB1231-073,Nike ACG Dri-FIT 'New Sands',₹ 4 077,MRP : ₹ 4 295
67,https://www.nike.com/in/t/dri-fit-victory-golf-polo-snD3wZ/DH2310-419,Nike Dri-FIT Victory,₹ 2 177,MRP : ₹ 2 295
68,https://www.nike.com/in/t/jordan-essentials-woven-shorts-dkWZFk/DQ7354-612,Jordan Essentials,₹ 2 367,MRP : ₹ 2 495
69,https://www.nike.com/in/t/star-runner-3-younger-shoes-dvMzC9/DA2777-003,Nike Star Runner 3,₹ 3 317,MRP : ₹ 3 495
70,https://www.nike.com/in/t/sb-zoom-blazer-mid-prm-skate-shoes-LJH748/DR9087-700,Nike SB Zoom Blazer Mid PRM,₹ 8 257,MRP : ₹ 8 695
71,https://www.nike.com/in/t/liverpool-fc-2021-22-stadium-home-older-football-shirt-5DtPb9/DB2568-688,Liverpool F.C. 2021/22 Stadium Home,₹ 3 797,MRP : ₹ 3 995
72,https://www.nike.com/in/t/nikecourt-air-zoom-gp-turbo-naomi-osaka-clay-tennis-shoes-zJpx8L/DX0667-400,NikeCourt Air Zoom GP Turbo Naomi Osaka,₹ 13 297,MRP : ₹ 13 995
73,https://www.nike.com/in/t/nikecourt-dri-fit-tennis-polo-xQtSz0/DH0858-474,NikeCourt Dri-FIT,₹ 1 797,MRP : ₹ 1 895
74,https://www.nike.com/in/t/t-shirt-0pzXV2/DX5832-010,Nike,₹ 2 367,MRP : ₹ 2 495
75,https://www.nike.com/in/t/sportswear-icon-clash-woven-short-sleeve-dress-dW8cSq/DQ6251-010,Nike Sportswear Icon Clash,₹ 3 227,MRP : ₹ 3 395
76,https://www.nike.com/in/t/acg-short-sleeve-t-shirt-FcRBP0/DQ2907-824,Nike ACG,₹ 2 087,MRP : ₹ 2 195
77,https://www.nike.com/in/t/sb-skate-baseball-jersey-35zVJf/DQ6283-455,Nike SB,₹ 5 977,MRP : ₹ 6 295
78,https://www.nike.com/in/t/basketball-jersey-gTkMQz/DQ5831-739,Nike,₹ 4 457,MRP : ₹ 4 695
79,https://www.nike.com/in/t/zoomx-invincible-run-flyknit-2-road-running-shoes-0lCQ5S/DC9993-600,Nike ZoomX Invincible Run Flyknit 2,₹ 16 147,MRP : ₹ 16 995
80,https://www.nike.com/in/t/jordan-essentials-printed-t-shirt-pTcRk2/DQ7368-322,Jordan Essentials,₹ 2 087,MRP : ₹ 2 195
81,https://www.nike.com/in/t/esc-jumper-m3zZGG/DN4061-010,Nike ESC,₹ 16 147,MRP : ₹ 16 995
82,https://www.nike.com/in/t/dunk-low-disrupt-2-shoes-rmbZnK/DV4024-400,Nike Dunk Low Disrupt 2,₹ 9 207,MRP : ₹ 9 695
83,https://www.nike.com/in/t/air-max-systm-shoes-hLmQ85/DM9537-100,Nike Air Max SYSTM,₹ 8 167,MRP : ₹ 8 595
84,https://www.nike.com/in/t/dri-fit-miler-dye-short-sleeve-running-top-PK8WCc/DQ4735-499,Nike Dri-FIT Miler D.Y.E.,₹ 2 087,MRP : ₹ 2 195
85,https://www.nike.com/in/t/air-high-rise-trousers-fdmHGx/DQ6584-010,Nike Air,₹ 3 797,MRP : ₹ 3 995
86,https://www.nike.com/in/t/air-pegasus-83-prm-shoes-NZhNJl/DV0432-100,Nike Air Pegasus 83 PRM,₹ 8 257,MRP : ₹ 8 695
87,https://www.nike.com/in/t/dri-fit-older-training-top-LCXZMB/DQ8964-073,Nike Dri-FIT,₹ 1 327,MRP : ₹ 1 395
88,https://www.nike.com/in/t/air-force-1-07-lv8-next-nature-shoes-X2nrqR/DM0117-100,Nike Air Force 1 '07 LV8 Next Nature,₹ 8 737,MRP : ₹ 9 195
89,https://www.nike.com/in/t/sportswear-circa-72-high-rise-bike-shorts-28cfTG/DM6778-861,Nike Sportswear Circa 72,₹ 2 747,MRP : ₹ 2 895
90,https://www.nike.com/in/t/air-force-1-pltaform-lv8-shoes-nghH66/DX3209-133,Nike Air Force 1 PLT.AF.ORM LV8,₹ 10 257,MRP : ₹ 10 795
91,https://www.nike.com/in/t/air-jordan-5-retro-older-shoes-9w5fXR/DQ3734-003,Air Jordan 5 Retro,₹ 10 447,MRP : ₹ 10 995
92,https://www.nike.com/in/t/dri-fit-short-sleeve-trail-running-t-shirt-k5cK4m/DM5424-493,Nike Dri-FIT,₹ 1 707,MRP : ₹ 1 795
93,https://www.nike.com/in/t/dri-fit-wild-clash-training-t-shirt-sFsL03/DR7556-068,Nike Dri-FIT Wild Clash,₹ 2 087,MRP : ₹ 2 195
94,https://www.nike.com/in/t/sportswear-older-long-sleeve-top-m319DS/DQ8940-010,Nike Sportswear,₹ 3 127,MRP : ₹ 3 295
95,https://www.nike.com/in/t/milwaukee-bucks-courtside-max-90-nba-t-shirt-ZL1nw9/DR6304-100,Milwaukee Bucks Courtside Max 90,₹ 1 707,MRP : ₹ 1 795
96,https://www.nike.com/in/t/air-jordan-1-mid-se-craft-shoes-RmP7J6/DM9652-001,Air Jordan 1 Mid SE Craft,₹ 11 297,MRP : ₹ 11 895
97,https://www.nike.com/in/t/air-force-1-07-shoes-Bzrdk4/DJ9942-103,Nike Air Force 1 '07,₹ 8 257,MRP : ₹ 8 695
98,https://www.nike.com/in/t/dri-fit-tempo-icon-clash-running-shorts-GXq9pH/DQ6357-010,Nike Dri-FIT Tempo Icon Clash,₹ 2 087,MRP : ₹ 2 195
99,https://www.nike.com/in/t/air-max-97-shoes-5Jh3nq/DQ9131-400,Nike Air Max 97,₹ 16 147,MRP : ₹ 16 995
100,https://www.nike.com/in/t/m2k-tekno-shoes-8t6J4M/AO3108-013,Nike M2K Tekno,₹ 8 547,MRP : ₹ 8 995
101,https://www.nike.com/in/t/sportswear-older-cargo-shorts-M6mfVP/DQ3370-010,Nike Sportswear,₹ 2 367,MRP : ₹ 2 495
102,https://www.nike.com/in/t/pro-dri-fit-all-over-print-short-sleeve-top-NdZ03T/DQ5422-493,Nike Pro Dri-FIT,₹ 2 467,MRP : ₹ 2 595
103,https://www.nike.com/in/t/acg-moc-3-5-shoes-KlxtWL/DO9333-300,Nike ACG Moc 3.5,₹ 8 067,MRP : ₹ 8 495
104,https://www.nike.com/in/t/air-max-plus-shoes-04K813/DM0032-800,Nike Air Max Plus,₹ 14 247,MRP : ₹ 14 995
105,https://www.nike.com/in/t/dri-fit-running-shorts-Rb1DN1/DQ6363-412,Nike Dri-FIT,₹ 2 087,MRP : ₹ 2 195
106,https://www.nike.com/in/t/dri-fit-giannis-basketball-jersey-Vv2wF6/DQ5655-133,Nike Dri-FIT Giannis,₹ 3 037,MRP : ₹ 3 195
107,https://www.nike.com/in/t/revolution-6-next-nature-road-running-shoes-vjrrwc/DC3729-007,Nike Revolution 6 Next Nature,₹ 3 507,MRP : ₹ 3 695
108,https://www.nike.com/in/t/dri-fit-icon-clash-high-neck-training-tank-NPZHGQ/DR9039-530,Nike Dri-FIT Icon Clash,₹ 1 707,MRP : ₹ 1 795
109,https://www.nike.com/in/t/liverpool-fc-2021-22-match-third-dri-fit-adv-football-shirt-BDjgCc/DB5889-704,Liverpool F.C. 2021/22 Match Third,₹ 7 597,MRP : ₹ 7 995
110,https://www.nike.com/in/t/sportswear-essential-woven-high-rise-skirt-6n2SNj/DM6252-010,Nike Sportswear Essential,₹ 2 467,MRP : ₹ 2 595
111,https://www.nike.com/in/t/sportswear-team-nike-short-sleeve-top-l77Dq3/DQ6596-010,Nike Sportswear Team Nike,₹ 2 467,MRP : ₹ 2 595
112,https://www.nike.com/in/t/dunk-low-retro-shoes-mB3d0z/DM0108-001,Nike Dunk Low Retro Premium,₹ 9 207,MRP : ₹ 9 695
113,https://www.nike.com/in/t/t-shirt-THphzJ/DV0679-530,Nike,₹ 2 557,MRP : ₹ 2 695
114,https://www.nike.com/in/t/dri-fit-standard-issue-reversible-basketball-jersey-fxsh1s/DQ5732-657,Nike Dri-FIT Standard Issue,₹ 2 747,MRP : ₹ 2 895
115,https://www.nike.com/in/t/acg-print-trail-shorts-8dfG89/DR5736-437,Nike ACG,₹ 3 227,MRP : ₹ 3 395
116,https://www.nike.com/in/t/dri-fit-older-training-shorts-BdTlVp/DQ8975-010,Nike Dri-FIT,₹ 1 417,MRP : ₹ 1 495
117,https://www.nike.com/in/t/dri-fit-training-t-shirt-Th4CTz/DR7576-100,Nike Dri-FIT,₹ 2 367,MRP : ₹ 2 495
118,https://www.nike.com/in/t/sport-older-training-trousers-RWXZH9/CU9305-084,Nike Sport,₹ 1 607,MRP : ₹ 1 695
119,https://www.nike.com/in/t/stride-dye-18cm-running-shorts-fnq25T/DQ4767-068,Nike Stride D.Y.E.,₹ 3 227,MRP : ₹ 3 395
120,https://www.nike.com/in/t/air-max-2021-shoes-383M4j/DA1923-600,Nike Air Max 2021,₹ 13 767,MRP : ₹ 14 495
121,https://www.nike.com/in/t/air-rift-shoes-t3kPGV/DX2939-100,Nike Air Rift,₹ 9 777,MRP : ₹ 10 295
122,https://www.nike.com/in/t/lebron-dri-fit-basketball-t-shirt-sZ5vMR/DR7648-100,LeBron Nike Dri-FIT,₹ 2 367,MRP : ₹ 2 495
123,https://www.nike.com/in/t/victori-one-printed-slide-2ZsMWk/CN9678-011,Nike Victori One,₹ 2 467,MRP : ₹ 2 595
124,https://www.nike.com/in/t/jordan-brand-sorry-t-shirt-dlWtwL/DQ7388-010,Jordan Brand Sorry,₹ 1 707,MRP : ₹ 1 795
125,https://www.nike.com/in/t/sb-bruin-high-skate-shoes-GHdhLJ/DR0126-001,Nike SB Bruin High,₹ 7 117,MRP : ₹ 7 495
126,https://www.nike.com/in/t/sb-woven-skate-long-sleeve-button-down-VV6rM1/DQ6288-247,Nike SB,₹ 4 747,MRP : ₹ 4 995
127,https://www.nike.com/in/t/dri-fit-victory-slim-fit-golf-polo-nJtSCN/DH0827-113,Nike Dri-FIT Victory,₹ 2 177,MRP : ₹ 2 295
128,https://www.nike.com/in/t/air-force-1-07-shoe-tnM0q0/DJ2739-100,Nike Air Force 1 '07,₹ 7 877,MRP : ₹ 8 295
129,https://www.nike.com/in/t/pegasus-turbo-next-nature-road-running-shoes-MSSVMK/DM3413-002,Nike Pegasus Turbo Next Nature,₹ 13 297,MRP : ₹ 13 995
130,https://www.nike.com/in/t/yoga-dri-fit-top-b7qHhM/DM7826-441,Nike Yoga Dri-FIT,₹ 2 467,MRP : ₹ 2 595
131,https://www.nike.com/in/t/air-max-270-shoes-s1JpCx/DX3311-100,Nike Air Max 270,₹ 13 297,MRP : ₹ 13 995
132,https://www.nike.com/in/t/air-mid-rise-fleece-joggers-2BMwMb/DQ6564-010,Nike Air,₹ 3 797,MRP : ₹ 3 995
133,https://www.nike.com/in/t/los-angeles-lakers-icon-edition-2022-23-dri-fit-nba-swingman-jersey-SVQpm7/DN2009-729,Los Angeles Lakers Icon Edition 2022/23,₹ 5 697,MRP : ₹ 5 995
134,https://www.nike.com/in/t/invincible-run-2-road-running-shoes-xrCMmF/DH5425-100,Nike Invincible Run 2,₹ 16 147,MRP : ₹ 16 995
135,https://www.nike.com/in/t/paris-saint-germain-collection-essentials-oversized-short-sleeve-top-c55hwS/DN1495-471,Paris Saint-Germain Collection Essentials,₹ 2 937,MRP : ₹ 3 095
136,https://www.nike.com/in/t/sportswear-air-french-terry-shorts-5c9CV9/DQ4211-222,Nike Sportswear Air,₹ 3 797,MRP : ₹ 3 995
137,https://www.nike.com/in/t/dri-fit-run-division-tempo-luxe-running-shorts-h3n8Js/DQ5933-010,Nike Dri-FIT Run Division Tempo Luxe,₹ 2 467,MRP : ₹ 2 595
138,https://www.nike.com/in/t/waffle-trainer-2-se-shoes-gm2RN7/DM0180-600,Nike Waffle Trainer 2 SE,₹ 8 257,MRP : ₹ 8 695
139,https://www.nike.com/in/t/nikecourt-legacy-shoes-NRc9Qb/DX3175-001,NikeCourt Legacy,₹ 5 977,MRP : ₹ 6 295
140,https://www.nike.com/in/t/dri-fit-older-training-shorts-hrJj4z/DQ8969-025,Nike Dri-FIT,₹ 1 987,MRP : ₹ 2 095
141,https://www.nike.com/in/t/yoga-luxe-7-8-high-rise-leggings-XRfGp1/DM7672-217,Nike Yoga Luxe,₹ 5 027,MRP : ₹ 5 295
142,https://www.nike.com/in/t/liverpool-fc-dri-fit-football-polo-ZhMVs9/DB7885-617,Liverpool F.C.,₹ 3 127,MRP : ₹ 3 295
143,https://www.nike.com/in/t/air-jordan-1-mid-se-shoes-Q9j3dR/DN3738-400,Air Jordan 1 Mid SE,₹ 11 297,MRP : ₹ 11 895
144,https://www.nike.com/in/t/zoomx-invincible-run-flyknit-2-road-running-shoes-QZ3ql0/DV2149-800,Nike ZoomX Invincible Run Flyknit 2,₹ 16 147,MRP : ₹ 16 995
145,https://www.nike.com/in/t/air-zoom-tempo-next-road-running-shoes-chNfdw/CI9923-701,Nike Air Zoom Tempo NEXT%,₹ 16 717,MRP : ₹ 17 595
146,https://www.nike.com/in/t/go-flyease-easy-on-off-shoes-3svRCL/DR5540-001,Nike Go FlyEase,₹ 11 297,MRP : ₹ 11 895
147,https://www.nike.com/in/t/dri-fit-uv-chino-checked-golf-shorts-DQ4rlc/DN1960-569,Nike Dri-FIT UV,₹ 3 507,MRP : ₹ 3 695
148,https://www.nike.com/in/t/sportswear-modern-essentials-unlined-woven-flow-shorts-ht9S8B/DQ2416-010,Nike Sportswear Modern Essentials,₹ 3 507,MRP : ₹ 3 695
149,https://www.nike.com/in/t/dri-fit-basketball-hoodie-WKxwDf/DQ6771-569,Nike Dri-FIT,₹ 5 977,MRP : ₹ 6 295
150,https://www.nike.com/in/t/pg-6-ep-basketball-shoes-9KkDtr/DH8447-100,PG 6 EP,₹ 9 207,MRP : ₹ 9 695
151,https://www.nike.com/in/t/jordan-itage-shorts-fgWxlc/DO5017-010,Jordan (Her)itage,₹ 3 317,MRP : ₹ 3 495
152,https://www.nike.com/in/t/air-zoom-pegasus-38-road-running-shoes-D1tCt1/CW7358-601,Nike Air Zoom Pegasus 38,₹ 9 497,MRP : ₹ 9 995
153,https://www.nike.com/in/t/sportswear-air-french-terry-crew-QWbgkk/DQ4206-011,Nike Sportswear Air,₹ 4 267,MRP : ₹ 4 495
154,https://www.nike.com/in/t/jordan-essentials-diamond-shorts-cFL9l2/DO5041-126,Jordan Essentials,₹ 3 317,MRP : ₹ 3 495
155,https://www.nike.com/in/t/metcon-8-training-shoes-p9rQzn/DO9328-001,Nike Metcon 8,₹ 11 297,MRP : ₹ 11 895
156,https://www.nike.com/in/t/dri-fit-dna-basketball-shorts-cXRgSQ/DH7161-657,Nike Dri-FIT DNA,₹ 2 367,MRP : ₹ 2 495
157,https://www.nike.com/in/t/jordan-dri-fit-sport-hoodie-4xncvC/DQ7323-010,Jordan Dri-FIT Sport,₹ 5 217,MRP : ₹ 5 495
158,https://www.nike.com/in/t/sportswear-sport-essentials-woven-lined-flow-shorts-rG2mXP/DM6830-435,Nike Sportswear Sport Essentials,₹ 2 367,MRP : ₹ 2 495
159,https://www.nike.com/in/t/sportswear-t-shirt-FVqmTr/DR9003-010,Nike Sportswear,₹ 2 087,MRP : ₹ 2 195
160,https://www.nike.com/in/t/giannis-dri-fit-mesh-6-basketball-shorts-1H7vvZ/DQ5657-010,Giannis Nike Dri-FIT,₹ 2 747,MRP : ₹ 2 895
161,https://www.nike.com/in/t/yoga-dri-fit-adv-high-rise-18cm-shorts-RGZm9z/DM7664-668,Nike Yoga Dri-FIT ADV,₹ 3 797,MRP : ₹ 3 995
162,https://www.nike.com/in/t/dri-fit-stride-run-division-2-in-1-running-shorts-pSlGQz/DQ4762-010,Nike Dri-FIT Stride Run Division,₹ 3 507,MRP : ₹ 3 695
163,https://www.nike.com/in/t/acronym-blazer-low-shoes-CgxHLR/DN2067-600,Nike x ACRONYM® Blazer Low,₹ 11 867,MRP : ₹ 12 495
164,https://www.nike.com/in/t/sportswear-mid-rise-trousers-vJZSQx/DX3586-100,Nike Sportswear,₹ 4 457,MRP : ₹ 4 695
165,https://www.nike.com/in/t/dri-fit-run-division-3-in-1-pinnacle-running-shorts-MCm10p/DQ4771-010,Nike Dri-FIT Run Division,₹ 4 937,MRP : ₹ 5 195
166,https://www.nike.com/in/t/sportswear-older-t-shirt-R6D1nJ/DQ4389-610,Nike Sportswear,₹ 1 327,MRP : ₹ 1 395
167,https://www.nike.com/in/t/phantom-gt2-elite-fg-football-boot-wRNH0g/CZ9890-001,Nike Phantom GT2 Elite FG,₹ 20 897,MRP : ₹ 21 995
168,https://www.nike.com/in/t/dri-fit-challenger-run-division-13cm-brief-lined-running-shorts-SpRZbb/DQ4729-325,Nike Dri-FIT Challenger Run Division,₹ 2 367,MRP : ₹ 2 495
169,https://www.nike.com/in/t/jordan-bephies-beauty-supply-hoodie-8ZmL3p/DR1895-110,Jordan x Bephies Beauty Supply,₹ 5 697,MRP : ₹ 5 995
170,https://www.nike.com/in/t/sportswear-long-sleeve-t-shirt-s102Fd/DX4225-010,Nike Sportswear,₹ 2 557,MRP : ₹ 2 695
171,https://www.nike.com/in/t/jordan-air-200e-shoes-RJ2RrL/DC9836-808,Jordan Air 200E,₹ 11 397,MRP : ₹ 11 995
172,https://www.nike.com/in/t/jordan-essentials-jumpman-t-shirt-jFjKvg/DQ7376-010,Jordan Essentials Jumpman,₹ 1 707,MRP : ₹ 1 795
173,https://www.nike.com/in/t/air-jordan-xxxvii-older-shoes-MK0JNJ/DD7421-160,Air Jordan XXXVII,₹ 9 497,MRP : ₹ 9 995
174,https://www.nike.com/in/t/waffle-one-se-shoes-wtgBSd/DX3282-133,Nike Waffle One SE,₹ 9 207,MRP : ₹ 9 695
175,https://www.nike.com/in/t/nikecourt-zoom-pro-hard-court-tennis-shoes-vLKJ5T/DH0990-091,NikeCourt Zoom Pro,₹ 8 447,MRP : ₹ 8 895
176,https://www.nike.com/in/t/asuna-2-slides-k0pWzp/DX2942-100,Nike Asuna 2,₹ 3 507,MRP : ₹ 3 695
177,https://www.nike.com/in/t/air-zoom-rival-fly-3-road-racing-shoes-XbhTCL/CT2405-402,Nike Air Zoom Rival Fly 3,₹ 7 787,MRP : ₹ 8 195
178,https://www.nike.com/in/t/dri-fit-standard-issue-basketball-jersey-X8SpJc/DQ6786-569,Nike Dri-FIT Standard Issue,₹ 2 747,MRP : ₹ 2 895
179,https://www.nike.com/in/t/lakers-icon-edition-2020-nba-swingman-jersey-Bclg85/CW3669-741,Lakers Icon Edition 2020,₹ 4 747,MRP : ₹ 4 995
180,https://www.nike.com/in/t/force-1-younger-shoes-h6p0zj/CZ1685-100,Nike Force 1,₹ 3 797,MRP : ₹ 3 995
181,https://www.nike.com/in/t/nikecourt-vapor-lite-hard-court-tennis-shoe-X6tkPn/DC3431-033,NikeCourt Vapor Lite,₹ 6 457,MRP : ₹ 6 795
182,https://www.nike.com/in/t/air-max-pre-day-se-shoes-PwzT94/DJ6210-001,Nike Air Max Pre-Day SE,₹ 13 297,MRP : ₹ 13 995
183,https://www.nike.com/in/t/air-jordan-12-low-golf-shoes-GpK0Fl/DH4120-101,Air Jordan 12 Low,₹ 18 707,MRP : ₹ 19 695
184,https://www.nike.com/in/t/acg-hike-box-t-shirt-2mnRrv/DR7756-010,"Nike ACG ""Hike Box""",₹ 2 557,MRP : ₹ 2 695
185,https://www.nike.com/in/t/sportswear-high-rise-leggings-6LZZG4/DM6134-010,Nike Sportswear,₹ 2 367,MRP : ₹ 2 495
186,https://www.nike.com/in/t/dri-fit-aerobill-golf-visor-5WsQp1/DH1926-800,Nike Dri-FIT AeroBill,₹ 1 227,MRP : ₹ 1 295
187,https://www.nike.com/in/t/dri-fit-run-division-rise-365-running-top-k0XRJX/DQ4758-010,Nike Dri-FIT Run Division Rise 365,₹ 3 037,MRP : ₹ 3 195
188,https://www.nike.com/in/t/air-high-rise-fleece-shorts-f7DC0g/DQ6566-133,Nike Air,₹ 3 127,MRP : ₹ 3 295
189,https://www.nike.com/in/t/air-max-1-shoes-Z7pLNf/DV2301-501,Nike Air Max 1 Premium,₹ 12 157,MRP : ₹ 12 795
190,https://www.nike.com/in/t/air-force-1-high-07-shoes-XJtdVt/DV1015-437,Nike Air Force 1 High '07 Premium,₹ 11 297,MRP : ₹ 11 895
191,https://www.nike.com/in/t/force-1-toggle-se-younger-shoes-8mBk75/DQ0365-700,Nike Force 1 Toggle SE,₹ 6 077,MRP : ₹ 6 395
192,https://www.nike.com/in/t/jordan-delta-3-low-shoes-DQT4DB/DM3384-160,Jordan Delta 3 Low,₹ 12 157,MRP : ₹ 12 795
193,https://www.nike.com/in/t/air-max-bella-tr-5-training-shoes-rGVXdS/DD9285-101,Nike Air Max Bella TR 5,₹ 7 117,MRP : ₹ 7 495
194,https://www.nike.com/in/t/dbreak-se-shoes-7F2N2P/DR5556-200,Nike DBreak SE,₹ 9 207,MRP : ₹ 9 695
195,https://www.nike.com/in/t/los-angeles-lakers-courtside-dri-fit-nba-shorts-3bzDDx/DN4714-504,Los Angeles Lakers Courtside,₹ 2 747,MRP : ₹ 2 895
196,https://www.nike.com/in/t/swoosh-support-padded-sports-bra-qsX0h9/CQ9289-569,Nike Swoosh (M),₹ 2 747,MRP : ₹ 2 895
197,https://www.nike.com/in/t/naomi-osaka-collection-cropped-tennis-top-trPTd2/DM2168-100,Naomi Osaka Collection,₹ 3 037,MRP : ₹ 3 195
198,https://www.nike.com/in/t/paris-saint-germain-boxy-graphic-t-shirt-GNCH99/DN3333-100,Paris Saint-Germain,₹ 2 087,MRP : ₹ 2 195
199,https://www.nike.com/in/t/offcourt-duo-slides-KkVCVZ/DC0496-701,Nike Offcourt Duo,₹ 2 847,MRP : ₹ 2 995
200,https://www.nike.com/in/t/dri-fit-golf-polo-dKpqZP/DO6669-451,Nike Dri-FIT,₹ 3 507,MRP : ₹ 3 695
201,https://www.nike.com/in/t/air-max-95-shoes-b0TSJl/DX2670-001,Nike Air Max 95,₹ 16 147,MRP : ₹ 16 995
202,https://www.nike.com/in/t/dri-fit-player-striped-golf-polo-cr4qRz/DH0892-113,Nike Dri-FIT Player,₹ 3 797,MRP : ₹ 3 995
203,https://www.nike.com/in/t/structure-24-road-running-shoes-9wCgmv/DA8535-004,Nike Structure 24,₹ 9 777,MRP : ₹ 10 295
204,https://www.nike.com/in/t/air-zoom-vomero-16-road-running-shoes-h0KMSg/DA7245-008,Nike Air Zoom Vomero 16,₹ 12 817,MRP : ₹ 13 495
205,https://www.nike.com/in/t/air-more-uptempo-older-shoes-wjRG8p/DX5954-001,Nike Air More Uptempo,₹ 9 497,MRP : ₹ 9 995
206,https://www.nike.com/in/t/jordan-courtside-23-shoe-VvkvMK/AR1000-104,Jordan Courtside 23,₹ 11 297,MRP : ₹ 11 895
207,https://www.nike.com/in/t/sportswear-unlined-utility-cargo-trousers-HR5W9B/DD5208-222,Nike Sportswear,₹ 3 507,MRP : ₹ 3 695
208,https://www.nike.com/in/t/paris-saint-germain-diamond-shorts-FNBkzN/DN6148-291,Paris Saint-Germain,₹ 3 797,MRP : ₹ 3 995
209,https://www.nike.com/in/t/acg-dri-fit-new-sands-shorts-31XCcV/DN3956-222,Nike ACG Dri-FIT 'New Sands',₹ 3 797,MRP : ₹ 3 995
210,https://www.nike.com/in/t/air-force-1-high-se-shoes-kkBZ8B/DO9460-200,Nike Air Force 1 High SE,₹ 10 727,MRP : ₹ 11 295
211,https://www.nike.com/in/t/dri-fit-basketball-shorts-R8xVVG/DH6764-886,Nike Dri-FIT,₹ 1 707,MRP : ₹ 1 795
212,https://www.nike.com/in/t/sportswear-older-t-shirt-rglgJ4/DV0574-010,Nike Sportswear,₹ 1 327,MRP : ₹ 1 395
213,https://www.nike.com/in/t/air-zoom-arcadia-2-older-road-running-shoes-G2Zmlc/DM8491-600,Nike Air Zoom Arcadia 2,₹ 5 697,MRP : ₹ 5 995
214,https://www.nike.com/in/t/air-force-1-mid-react-shoes-HlVLjS/DQ1872-101,Nike Air Force 1 Mid React,₹ 12 347,MRP : ₹ 12 995
215,https://www.nike.com/in/t/dri-fit-run-division-2-in-1-shorts-2NQ3Z2/DQ5936-010,Nike Dri-FIT Run Division,₹ 3 507,MRP : ₹ 3 695
216,https://www.nike.com/in/t/jordan-dri-fit-zion-tank-top-1NFFDr/DX6582-657,Jordan Dri-FIT Zion,₹ 3 317,MRP : ₹ 3 495
217,https://www.nike.com/in/t/run-division-jacket-LthvgK/DQ5958-424,Nike Run Division,₹ 6 647,MRP : ₹ 6 995
218,https://www.nike.com/in/t/air-jordan-xxxvi-low-pf-basketball-shoes-WWGCpF/DH0832-660,Air Jordan XXXVI Low PF,₹ 15 477,MRP : ₹ 16 295
219,https://www.nike.com/in/t/oneonta-sandals-h2lgZg/DJ6601-002,Nike Oneonta,₹ 4 747,MRP : ₹ 4 995
220,https://www.nike.com/in/t/react-miler-3-road-running-shoes-5xtNSj/DD0490-005,Nike React Miler 3,₹ 9 967,MRP : ₹ 10 495
221,https://www.nike.com/in/t/sportswear-sport-essentials-woven-unlined-utility-shorts-mqth23/DM6834-334,Nike Sportswear Sport Essentials,₹ 3 227,MRP : ₹ 3 395
222,https://www.nike.com/in/t/air-force-1-07-craft-shoe-RxBngv/CN2873-101,Nike Air Force 1 '07 Craft,₹ 9 777,MRP : ₹ 10 295
223,https://www.nike.com/in/t/pegasus-39-road-running-shoes-0ksHjP/DH4072-103,Nike Pegasus 39,₹ 9 967,MRP : ₹ 10 495
224,https://www.nike.com/in/t/air-max-alpha-trainer-5-training-shoes-x8Jzj6/DM0829-300,Nike Air Max Alpha Trainer 5,₹ 7 117,MRP : ₹ 7 495
225,https://www.nike.com/in/t/t-shirt-XgxCRt/DR5758-010,Nike,₹ 2 367,MRP : ₹ 2 495
226,https://www.nike.com/in/t/air-kukini-se-shoes-mGmph3/DV1894-100,Nike Air Kukini SE,₹ 12 157,MRP : ₹ 12 795
227,https://www.nike.com/in/t/dri-fit-knit-print-fitness-shorts-PnS3RF/DQ4807-077,Nike Dri-FIT,₹ 2 367,MRP : ₹ 2 495
228,https://www.nike.com/in/t/dri-fit-icon-clash-10k-mid-rise-running-shorts-mb6d7c/DM7744-126,Nike Dri-FIT Icon Clash 10K,₹ 1 987,MRP : ₹ 2 095
229,https://www.nike.com/in/t/air-force-1-pltaform-lv8-shoes-fn9dmS/DX3199-100,Nike Air Force 1 PLT.AF.ORM LV8,₹ 10 257,MRP : ₹ 10 795
230,https://www.nike.com/in/t/jordan-sport-mesh-tank-hspZrf/DQ4433-010,Jordan Sport,₹ 2 367,MRP : ₹ 2 495
231,https://www.nike.com/in/t/dri-fit-one-luxe-icon-clash-training-tank-CxVGPK/DM7646-446,Nike Dri-FIT One Luxe Icon Clash,₹ 2 747,MRP : ₹ 2 895
232,https://www.nike.com/in/t/air-max-dawn-shoe-VbDN84/DM0013-400,Nike Air Max Dawn,₹ 10 257,MRP : ₹ 10 795
233,https://www.nike.com/in/t/jordan-essentials-jersey-tank-qtG0XZ/DO5035-010,Jordan Essentials,₹ 3 507,MRP : ₹ 3 695
234,https://www.nike.com/in/t/dri-fit-flex-stride-13cm-brief-lined-trail-running-shorts-3VhbZD/DM4653-040,Nike Dri-FIT Flex Stride,₹ 3 227,MRP : ₹ 3 395
235,https://www.nike.com/in/t/air-max-ap-shoes-3Rdq04/CU4826-002,Nike Air Max AP,₹ 7 877,MRP : ₹ 8 295
236,https://www.nike.com/in/t/air-jordan-1-low-older-shoes-kg36G7/DR9497-001,Air Jordan 1 Low,₹ 7 117,MRP : ₹ 7 495
237,https://www.nike.com/in/t/acg-cinder-cone-jacket-Gd7QfW/DB1151-045,Nike ACG 'Cinder Cone',₹ 7 597,MRP : ₹ 7 995
238,https://www.nike.com/in/t/run-division-packable-running-jacket-WGKPw5/DM7754-824,Nike Run Division,₹ 6 647,MRP : ₹ 6 995
239,https://www.nike.com/in/t/zoomx-zegama-trail-running-shoes-LhRsM7/DH0623-002,Nike ZoomX Zegama,₹ 13 297,MRP : ₹ 13 995
240,https://www.nike.com/in/t/sportswear-circa-trousers-0dSvFD/DQ4241-113,Nike Sportswear Circa,₹ 6 167,MRP : ₹ 6 495
241,https://www.nike.com/in/t/dri-fit-training-tee-wfwT31/DR7562-068,Nike Dri-FIT,₹ 1 707,MRP : ₹ 1 795
242,https://www.nike.com/in/t/jordan-flight-mvp-statement-jacket-XtXK04/DQ8033-014,Jordan Flight MVP,₹ 6 647,MRP : ₹ 6 995
243,https://www.nike.com/in/t/sb-ishod-wair-prm-skate-shoes-8v6tCq/DO9400-300,Nike SB Ishod Wair PRM,₹ 9 207,MRP : ₹ 9 695
244,https://www.nike.com/in/t/dri-fit-indy-older-sports-bra-BXTNd7/DD7958-663,Nike Dri-FIT Indy,₹ 1 227,MRP : ₹ 1 295
245,https://www.nike.com/in/t/air-jordan-1-mid-shoes-BpARGV/554724-201,Air Jordan 1 Mid,₹ 9 777,MRP : ₹ 10 295
246,https://www.nike.com/in/t/air-force-1-07-lv8-shoes-brM6PM/DQ5020-010,Nike Air Force 1 '07 LV8,₹ 9 207,MRP : ₹ 9 695
247,https://www.nike.com/in/t/air-jordan-6-retro-older-shoes-x3z2WR/384665-141,Air Jordan 6 Retro,₹ 11 397,MRP : ₹ 11 995
248,https://www.nike.com/in/t/sb-skate-crew-2WhQbF/DH2930-010,Nike SB,₹ 3 607,MRP : ₹ 3 795
249,https://www.nike.com/in/t/nikecourt-dri-fit-t-shirt-dfMM0V/DV2381-530,NikeCourt Dri-FIT,₹ 1 707,MRP : ₹ 1 795
250,https://www.nike.com/in/t/air-jordan-1-zoom-cmft-shoes-mDxHSk/CT0978-201,Air Jordan 1 Zoom CMFT,₹ 11 867,MRP : ₹ 12 495
251,https://www.nike.com/in/t/air-force-1-react-shoes-g9MPSs/DM0573-101,Nike Air Force 1 React,₹ 11 397,MRP : ₹ 11 995
252,https://www.nike.com/in/t/dri-fit-academy-short-sleeve-football-top-nbGdPD/DQ5054-010,Nike Dri-FIT Academy,₹ 2 087,MRP : ₹ 2 195
253,https://www.nike.com/in/t/air-zoom-vomero-16-road-running-shoes-07Tngd/DA7698-004,Nike Air Zoom Vomero 16,₹ 12 817,MRP : ₹ 13 495
254,https://www.nike.com/in/t/dunk-high-retro-se-shoes-5dzMzn/DJ6152-001,Nike Dunk High Retro SE,₹ 10 727,MRP : ₹ 11 295
255,https://www.nike.com/in/t/sportswear-t-shirt-zqrzpv/DR7987-060,Nike Sportswear,₹ 1 707,MRP : ₹ 1 795
256,https://www.nike.com/in/t/wio-9-road-running-shoes-185Kr9/DD6203-006,Nike Winflo 9,₹ 8 067,MRP : ₹ 8 495
257,https://www.nike.com/in/t/dri-fit-woven-training-shorts-5f0FNk/DM6618-480,Nike Dri-FIT,₹ 1 707,MRP : ₹ 1 795
258,https://www.nike.com/in/t/yoga-dri-fit-luxe-7-8-high-rise-colour-block-leggings-10QjhC/DM6997-254,Nike Yoga Dri-FIT Luxe,₹ 5 027,MRP : ₹ 5 295
259,https://www.nike.com/in/t/air-max-dawn-shoes-dwrRvJ/DM8262-101,Nike Air Max Dawn,₹ 10 257,MRP : ₹ 10 795
260,https://www.nike.com/in/t/nikecourt-dri-fit-adv-slam-7-tennis-shorts-9dTk8z/DN1826-474,NikeCourt Dri-FIT ADV Slam,₹ 3 507,MRP : ₹ 3 695
261,https://www.nike.com/in/t/sportswear-everyday-modern-high-rise-woven-shorts-BZWnbH/DQ6173-133,Nike Sportswear Everyday Modern,₹ 2 937,MRP : ₹ 3 095
262,https://www.nike.com/in/t/air-max-90-futura-se-shoes-gnGWKH/DX3280-100,Nike Air Max 90 Futura SE,₹ 13 297,MRP : ₹ 13 995
263,https://www.nike.com/in/t/dri-fit-instacool-older-training-top-047tn4/DO7105-100,Nike Dri-FIT Instacool,₹ 2 557,MRP : ₹ 2 695
264,https://www.nike.com/in/t/dri-fit-stride-air-hola-lou-18cm-brief-lined-running-shorts-kfVdKf/DQ4764-010,Nike Dri-FIT Stride A.I.R. Hola Lou,₹ 3 227,MRP : ₹ 3 395
265,https://www.nike.com/in/t/fly-crossover-basketball-shorts-52n0P6/DH7326-569,Nike Fly Crossover,₹ 2 367,MRP : ₹ 2 495
266,https://www.nike.com/in/t/air-dri-fit-short-sleeve-1-2-zip-top-w4829C/DQ6124-569,Nike Air Dri-FIT,₹ 2 467,MRP : ₹ 2 595
267,https://www.nike.com/in/t/air-zoom-victory-tour-2-golf-shoes-c5hkwZ/DJ6570-114,Nike Air Zoom Victory Tour 2,₹ 16 147,MRP : ₹ 16 995
268,https://www.nike.com/in/t/metcon-8-training-shoes-vkQ0TS/DO9327-001,Nike Metcon 8,₹ 11 297,MRP : ₹ 11 895
269,https://www.nike.com/in/t/air-max-90-se-shoes-3wp3v6/DX3276-133,Nike Air Max 90 SE,₹ 11 297,MRP : ₹ 11 895
270,https://www.nike.com/in/t/sb-raglan-skate-t-shirt-Drz3VF/DQ6285-100,Nike SB,₹ 2 747,MRP : ₹ 2 895
271,https://www.nike.com/in/t/zoomx-vaporfly-next-2-road-racing-shoes-fG92S8/CU4123-102,Nike ZoomX Vaporfly Next% 2,₹ 18 707,MRP : ₹ 19 695
272,https://www.nike.com/in/t/dri-fit-miler-short-sleeve-camo-running-top-h1jtBH/DQ4737-386,Nike Dri-FIT Miler,₹ 2 087,MRP : ₹ 2 195
273,https://www.nike.com/in/t/acg-air-mada-shoes-N69XZS/DQ5499-100,Nike ACG Air Mada,₹ 11 297,MRP : ₹ 11 895
274,https://www.nike.com/in/t/swoosh-older-reversible-sports-bra-Lk29Br/DQ8904-204,Nike Swoosh,₹ 1 707,MRP : ₹ 1 795
275,https://www.nike.com/in/t/sportswear-boxy-t-shirt-pHrmtz/DQ5037-827,Nike Sportswear,₹ 2 367,MRP : ₹ 2 495
276,https://www.nike.com/in/t/dri-fit-trail-t-shirt-4GfLg3/DR7672-446,Nike Dri-FIT,₹ 2 087,MRP : ₹ 2 195
277,https://www.nike.com/in/t/sportswear-t-shirt-ghGkM6/DR8988-370,Nike Sportswear,₹ 1 707,MRP : ₹ 1 795
278,https://www.nike.com/in/t/air-max-koko-sandals-TL4Vw1/DX3285-126,Nike Air Max Koko,₹ 8 737,MRP : ₹ 9 195
279,https://www.nike.com/in/t/nikecourt-legacy-next-nature-shoes-rdTfqH/DH3161-104,NikeCourt Legacy Next Nature,₹ 5 407,MRP : ₹ 5 695
280,https://www.nike.com/in/t/air-jordan-xxxvi-older-basketball-shoes-5rlrTs/DA9054-160,Air Jordan XXXVI,₹ 9 497,MRP : ₹ 9 995
281,https://www.nike.com/in/t/jordan-delta-3-sp-shoes-QZKkHQ/DD9361-601,Jordan Delta 3 SP,₹ 14 247,MRP : ₹ 14 995
282,https://www.nike.com/in/t/air-max-dawn-shoes-F7JtF6/DV1021-030,Nike Air Max Dawn,₹ 9 207,MRP : ₹ 9 695
283,https://www.nike.com/in/t/free-terra-vista-next-nature-shoes-96FQ8V/DM0861-400,Nike Free Terra Vista Next Nature,₹ 11 297,MRP : ₹ 11 895
284,https://www.nike.com/in/t/air-force-1-lv8-older-shoes-HFhshc/DQ0300-001,Nike Air Force 1 LV8,₹ 6 647,MRP : ₹ 6 995
285,https://www.nike.com/in/t/air-force-1-sculpt-shoes-XDWVkt/DC3590-103,Nike Air Force 1 Sculpt,₹ 9 777,MRP : ₹ 10 295
286,https://www.nike.com/in/t/nikecourt-dri-fit-slam-tennis-tank-q2t69R/DA4700-100,NikeCourt Dri-FIT Slam,₹ 3 417,MRP : ₹ 3 595
287,https://www.nike.com/in/t/retro-run-running-jacket-CpHktR/DM7782-550,Nike Retro Run,₹ 5 697,MRP : ₹ 5 995
288,https://www.nike.com/in/t/sportswear-t-shirt-XjfM1n/DR9025-100,Nike Sportswear,₹ 1 707,MRP : ₹ 1 795
289,https://www.nike.com/in/t/air-force-1-crater-flyknit-next-nature-shoes-72pvD8/DM0590-100,Nike Air Force 1 Crater Flyknit Next Nature,₹ 10 257,MRP : ₹ 10 795
290,https://www.nike.com/in/t/offline-3-mules-93ljNp/DJ5226-400,Nike Offline 3.0,₹ 9 207,MRP : ₹ 9 695
291,https://www.nike.com/in/t/renew-run-3-road-running-shoes-395S7c/DC9413-005,Nike Renew Run 3,₹ 7 117,MRP : ₹ 7 495
292,https://www.nike.com/in/t/los-angeles-lakers-courtside-max-90-nba-t-shirt-HqbWGf/DR6300-100,Los Angeles Lakers Courtside Max 90,₹ 1 707,MRP : ₹ 1 795
293,https://www.nike.com/in/t/liverpool-fc-2021-22-stadium-home-football-shirt-zx7fl0/DB2539-688,Liverpool F.C. 2021/22 Stadium Home,₹ 4 457,MRP : ₹ 4 695
294,https://www.nike.com/in/t/sportswear-older-t-shirt-fQRwzT/DV0568-100,Nike Sportswear,₹ 1 327,MRP : ₹ 1 395
295,https://www.nike.com/in/t/giannis-basketball-t-shirt-s6hj6c/DR7634-498,Giannis Nike,₹ 2 087,MRP : ₹ 2 195
296,https://www.nike.com/in/t/dunk-low-se-shoes-nVLS2h/DQ5015-063,Nike Dunk Low SE,₹ 9 207,MRP : ₹ 9 695
297,https://www.nike.com/in/t/jordan-essentials-utility-trousers-cVmVHg/DO5054-010,Jordan Essentials,₹ 4 747,MRP : ₹ 4 995
298,https://www.nike.com/in/t/air-zoom-superrep-3-hiit-class-shoes-ptglrj/DA9492-001,Nike Air Zoom SuperRep 3,₹ 9 777,MRP : ₹ 10 295
299,https://www.nike.com/in/t/dri-fit-one-older-leggings-zrc09f/DQ8836-698,Nike Dri-FIT One,₹ 1 517,MRP : ₹ 1 595
300,https://www.nike.com/in/t/acg-t-shirt-ff91R6/DR7758-378,Nike ACG,₹ 2 557,MRP : ₹ 2 695
301,https://www.nike.com/in/t/acg-older-jacket-SrrgW9/DQ8734-808,Nike ACG Therma-FIT,₹ 4 557,MRP : ₹ 4 795
302,https://www.nike.com/in/t/air-force-1-react-shoe-7gcHDc/DH7615-001,Nike Air Force 1 React,₹ 11 397,MRP : ₹ 11 995
303,https://www.nike.com/in/t/metcon-8-flyease-easy-on-off-training-shoes-kKmGG7/DO9388-300,Nike Metcon 8 FlyEase,₹ 11 297,MRP : ₹ 11 895
304,https://www.nike.com/in/t/sportswear-circa-short-sleeve-top-W8txc8/DQ4248-141,Nike Sportswear Circa,₹ 3 227,MRP : ₹ 3 395
305,https://www.nike.com/in/t/offcourt-duo-se-slides-th7nWh/DO9783-100,Nike Offcourt Duo SE,₹ 2 847,MRP : ₹ 2 995
306,https://www.nike.com/in/t/jordan-1-low-alt-se-younger-shoes-lth6rm/DR9500-400,Jordan 1 Low Alt SE,₹ 5 217,MRP : ₹ 5 495
307,https://www.nike.com/in/t/sb-blazer-low-pro-gt-skate-shoes-1Dt32n/DO9398-001,Nike SB Blazer Low Pro GT Premium,₹ 8 067,MRP : ₹ 8 495
308,https://www.nike.com/in/t/dri-fit-dna-20cm-basketball-shorts-n15LMn/DQ5720-010,Nike Dri-FIT DNA+,₹ 2 747,MRP : ₹ 2 895
309,https://www.nike.com/in/t/react-ace-tour-golf-shoe-wlnVfG/CW3097-124,Nike React Ace Tour,₹ 11 867,MRP : ₹ 12 495
310,https://www.nike.com/in/t/sb-zoom-verona-slip-prm-skate-shoes-Ms5kZn/DO9409-001,Nike SB Zoom Verona Slip PRM,₹ 8 067,MRP : ₹ 8 495
311,https://www.nike.com/in/t/dri-fit-older-training-top-SVBStV/DQ8958-412,Nike Dri-FIT,₹ 1 607,MRP : ₹ 1 695
312,https://www.nike.com/in/t/nikecourt-zoom-pro-hard-court-tennis-shoes-nlG4Pg/DH0618-400,NikeCourt Zoom Pro,₹ 8 447,MRP : ₹ 8 895
313,https://www.nike.com/in/t/air-max-systm-younger-shoes-WNnDS3/DQ0285-101,Nike Air Max SYSTM,₹ 5 697,MRP : ₹ 5 995
314,https://www.nike.com/in/t/sportswear-circa-50-fleece-hoodie-Q7Bn6J/DQ6225-219,Nike Sportswear Circa 50,₹ 5 977,MRP : ₹ 6 295
315,https://www.nike.com/in/t/kawa-younger-older-slide-yATYZXRb/819352-700,Nike Kawa,₹ 1 797,MRP : ₹ 1 895
316,https://www.nike.com/in/t/jordan-brand-sorry-long-sleeve-t-shirt-4nRH4z/DQ7386-091,Jordan Brand Sorry,₹ 2 367,MRP : ₹ 2 495
317,https://www.nike.com/in/t/dri-fit-player-printed-golf-polo-C06fcT/DH0646-370,Nike Dri-FIT Player,₹ 3 127,MRP : ₹ 3 295
318,https://www.nike.com/in/t/air-older-top-mcsmW7/DQ8936-569,Nike Air,₹ 2 087,MRP : ₹ 2 195
319,https://www.nike.com/in/t/presto-younger-shoes-82VCwn/844766-015,Nike Presto,₹ 5 697,MRP : ₹ 5 995
320,https://www.nike.com/in/t/dri-fit-indy-icon-clash-older-sports-bra-TdwcnF/DQ8927-085,Nike Dri-FIT Indy Icon Clash,₹ 1 707,MRP : ₹ 1 795
321,https://www.nike.com/in/t/air-lined-woven-shorts-pjxmpT/DM5227-407,Nike Air,₹ 3 507,MRP : ₹ 3 695
322,https://www.nike.com/in/t/waffle-debut-shoes-Q1dcd5/DX2943-100,Nike Waffle Debut,₹ 5 977,MRP : ₹ 6 295
323,https://www.nike.com/in/t/shield-trail-running-jacket-M59gP0/DC8041-607,Nike Shield,₹ 7 597,MRP : ₹ 7 995
324,https://www.nike.com/in/t/dri-fit-dye-knit-training-shorts-WS5x0k/DQ4813-499,Nike Dri-FIT D.Y.E.,₹ 2 367,MRP : ₹ 2 495
325,https://www.nike.com/in/t/blazer-mid-77-next-nature-shoes-4qWCrg/DQ4124-104,Nike Blazer Mid '77 Next Nature,₹ 8 447,MRP : ₹ 8 895
326,https://www.nike.com/in/t/dri-fit-rise-365-running-tank-pr7gXM/CZ9180-481,Nike Dri-FIT Rise 365,₹ 2 367,MRP : ₹ 2 495
327,https://www.nike.com/in/t/free-run-2-shoes-brpN8q/537732-004,Nike Free Run 2,₹ 9 207,MRP : ₹ 9 695
328,https://www.nike.com/in/t/air-jordan-1-shoes-d1vgvb/DB2889-500,Air Jordan 1,₹ 16 717,MRP : ₹ 17 595
329,https://www.nike.com/in/t/legend-essential-2-training-shoes-3pRG2G/CQ9545-102,Nike Legend Essential 2,₹ 4 267,MRP : ₹ 4 495
330,https://www.nike.com/in/t/sportswear-circa-shorts-tmpRQX/DQ4245-010,Nike Sportswear Circa,₹ 3 507,MRP : ₹ 3 695
331,https://www.nike.com/in/t/air-jordan-1-mid-shoes-zxLK1G/DV2229-300,Air Jordan 1 Mid,₹ 10 257,MRP : ₹ 10 795
332,https://www.nike.com/in/t/air-dri-fit-running-tank-LSxSqB/DM7542-010,Nike Air Dri-FIT,₹ 2 367,MRP : ₹ 2 495
333,https://www.nike.com/in/t/sportswear-icon-clash-t-shirt-MtjWk9/DR8978-252,Nike Sportswear Icon Clash,₹ 1 517,MRP : ₹ 1 595
334,https://www.nike.com/in/t/air-max-2021-shoes-MljWq1/DH4245-002,Nike Air Max 2021,₹ 13 767,MRP : ₹ 14 495
335,https://www.nike.com/in/t/zoom-mercurial-vapor-15-academy-tf-football-shoes-L8JgP4/DJ5635-780,Nike Zoom Mercurial Vapor 15 Academy TF,₹ 7 597,MRP : ₹ 7 995
336,https://www.nike.com/in/t/sportswear-jersey-shorts-XGTn8f/DM6729-010,Nike Sportswear,₹ 2 467,MRP : ₹ 2 595
337,https://www.nike.com/in/t/sportswear-trend-older-t-shirt-w2nx4v/DV6137-133,Nike Sportswear Trend,₹ 1 137,MRP : ₹ 1 195
338,https://www.nike.com/in/t/offcourt-se-slides-Gk09pg/DJ8501-100,Nike Offcourt SE,₹ 2 847,MRP : ₹ 2 995
339,https://www.nike.com/in/t/air-presto-hello-kitty-shoes-Nm5Dd5/DV3770-400,Nike Air Presto x Hello Kitty ®,₹ 12 347,MRP : ₹ 12 995
340,https://www.nike.com/in/t/air-jordan-1-zoom-air-comfort-shoes-DMnp24/CT0979-603,Air Jordan 1 Zoom Air Comfort,₹ 11 867,MRP : ₹ 12 495
341,https://www.nike.com/in/t/indy-light-support-padded-all-over-print-sports-bra-Lgmwrl/DM0558-010,Nike Indy,₹ 2 467,MRP : ₹ 2 595
342,https://www.nike.com/in/t/pegasus-39-road-running-shoes-kmZSD6/DH4071-301,Nike Pegasus 39,₹ 9 967,MRP : ₹ 10 495
343,https://www.nike.com/in/t/jordan-dri-fit-sport-woven-shorts-Fsm4W1/DH9081-712,Jordan Dri-FIT Sport,₹ 1 707,MRP : ₹ 1 795
344,https://www.nike.com/in/t/sportswear-culture-of-basketball-older-t-shirt-5gVXcD/DR8795-752,Nike Sportswear Culture of Basketball,₹ 1 137,MRP : ₹ 1 195
345,https://www.nike.com/in/t/gts-97-shoes-wPDhsf/DX2944-100,Nike GTS 97,₹ 5 407,MRP : ₹ 5 695
346,https://www.nike.com/in/t/acg-trail-trousers-kZzlwc/CV0661-220,Nike ACG,₹ 5 217,MRP : ₹ 5 495
347,https://www.nike.com/in/t/sportswear-icon-clash-windrunner-older-jacket-XGsL2h/DQ8879-085,Nike Sportswear Icon Clash Windrunner,₹ 3 697,MRP : ₹ 3 895
348,https://www.nike.com/in/t/air-max-95-se-shoe-1swxxQ/DQ0268-001,Nike Air Max 95 SE,₹ 15 197,MRP : ₹ 15 995
349,https://www.nike.com/in/t/dri-fit-swoosh-running-tank-8XR13V/DQ6369-530,Nike Dri-FIT Swoosh,₹ 1 897,MRP : ₹ 1 995
350,https://www.nike.com/in/t/sportswear-air-t-shirt-3gfqT7/DR7806-010,Nike Sportswear Air,₹ 1 707,MRP : ₹ 1 795
351,https://www.nike.com/in/t/superrep-go-3-flyknit-next-nature-training-shoes-zKqgRc/DH3393-003,Nike SuperRep Go 3 Flyknit Next Nature,₹ 8 447,MRP : ₹ 8 895
352,https://www.nike.com/in/t/sportswear-t-shirt-xn86V9/DR8001-657,Nike Sportswear,₹ 2 367,MRP : ₹ 2 495
353,https://www.nike.com/in/t/air-fleece-shorts-xqlz2D/DM6471-610,Nike Air,₹ 2 557,MRP : ₹ 2 695
354,https://www.nike.com/in/t/asuna-2-next-nature-slides-PnRHDQ/FB3027-200,Nike Asuna 2 Next Nature,₹ 3 987,MRP : ₹ 4 195
355,https://www.nike.com/in/t/air-jordan-1-retro-high-og-shoe-PLe8kL/575441-706,Air Jordan 1 Retro High OG,₹ 9 497,MRP : ₹ 9 995
356,https://www.nike.com/in/t/sb-skate-t-shirt-Rblh2c/DR7766-100,Nike SB,₹ 2 087,MRP : ₹ 2 195
357,https://www.nike.com/in/t/zoomx-vaporfly-next-2-road-racing-shoes-J8LV0t/DV3030-700,Nike ZoomX Vaporfly NEXT% 2,₹ 19 657,MRP : ₹ 20 695
358,https://www.nike.com/in/t/dri-fit-running-trousers-s6ZGfS/DX4211-425,Nike Dri-FIT,₹ 3 797,MRP : ₹ 3 995
359,https://www.nike.com/in/t/air-jordan-1-mid-older-shoes-xvvB6q/DR9495-001,Air Jordan 1 Mid,₹ 7 597,MRP : ₹ 7 995
360,https://www.nike.com/in/t/air-max-motif-older-shoe-XW76bm/DH9388-102,Nike Air Max Motif,₹ 9 497,MRP : ₹ 9 995
361,https://www.nike.com/in/t/acg-air-mowabb-shoes-mrNQ8S/DC9554-700,Nike ACG Air Mowabb,₹ 13 767,MRP : ₹ 14 495
362,https://www.nike.com/in/t/flex-experience-run-11-next-nature-road-running-shoes-CTCNv3/DV1677-200,Nike Flex Experience Run 11 Next Nature,₹ 4 747,MRP : ₹ 4 995
363,https://www.nike.com/in/t/air-max-dawn-older-shoes-J8Dwkq/DH3157-106,Nike Air Max Dawn,₹ 7 117,MRP : ₹ 7 495
364,https://www.nike.com/in/t/paris-saint-germain-pocket-t-shirt-vzbgX5/DM3102-010,Paris Saint-Germain,₹ 2 557,MRP : ₹ 2 695
365,https://www.nike.com/in/t/sportswear-essential-high-rise-woven-shorts-SSnQpL/DM6740-010,Nike Sportswear Essential,₹ 2 367,MRP : ₹ 2 495
366,https://www.nike.com/in/t/hyperdunk-ep-basketball-shoes-J050xp/AO7890-101,Nike Hyperdunk X EP,₹ 11 297,MRP : ₹ 11 895
367,https://www.nike.com/in/t/kyrie-irving-nets-dri-fit-nba-jersey-4zDL3d/DH8067-010,Kyrie Irving Nets,₹ 7 597,MRP : ₹ 7 995
368,https://www.nike.com/in/t/dri-fit-training-t-shirt-4RFtHk/DR7582-010,Nike Dri-FIT,₹ 1 707,MRP : ₹ 1 795
369,https://www.nike.com/in/t/outdoor-play-older-oversized-woven-jacket-2xFNzT/DQ8744-569,Nike Outdoor Play,₹ 3 697,MRP : ₹ 3 895
370,https://www.nike.com/in/t/huarache-run-younger-shoes-gnPV5F/704949-608,Nike Huarache Run,₹ 5 217,MRP : ₹ 5 495
371,https://www.nike.com/in/t/acronym-blazer-low-shoes-mh3nV0/DO9373-001,Nike x ACRONYM® Blazer Low,₹ 11 867,MRP : ₹ 12 495
372,https://www.nike.com/in/t/acg-moc-3-5-se-shoes-2t899C/DQ4450-200,Nike ACG Moc 3.5 SE,₹ 8 167,MRP : ₹ 8 595
373,https://www.nike.com/in/t/dri-fit-trail-running-tank-1F2ZGG/DM7572-079,Nike Dri-FIT,₹ 2 747,MRP : ₹ 2 895
374,https://www.nike.com/in/t/waffle-one-older-shoes-TfBL7B/DC0481-200,Nike Waffle One,₹ 5 977,MRP : ₹ 6 295
375,https://www.nike.com/in/t/sportswear-older-t-shirt-TqPSLb/DR9726-010,Nike Sportswear,₹ 1 327,MRP : ₹ 1 395
376,https://www.nike.com/in/t/superrep-go-3-next-nature-flyknit-hiit-class-shoes-qLRfd2/DQ0305-001,Nike SuperRep Go 3 Next Nature Flyknit,₹ 8 447,MRP : ₹ 8 895
377,https://www.nike.com/in/t/asuna-2-slides-9CjWbM/DC1457-200,Nike Asuna 2,₹ 2 847,MRP : ₹ 2 995
378,https://www.nike.com/in/t/revolution-6-next-nature-road-running-shoes-NC0P7k/DC3728-300,Nike Revolution 6 Next Nature,₹ 3 507,MRP : ₹ 3 695
379,https://www.nike.com/in/t/dri-fit-fc-football-t-shirt-9d3l7F/DR7736-100,Nike Dri-FIT F.C.,₹ 2 087,MRP : ₹ 2 195
380,https://www.nike.com/in/t/air-max-90-toggle-se-shoes-plkgt5/DR0422-200,Nike Air Max 90 Toggle SE,₹ 5 697,MRP : ₹ 5 995
381,https://www.nike.com/in/t/acg-dri-fit-adv-goat-rocks-sleeveless-tank-1PBlTS/DO9272-553,Nike ACG Dri-FIT ADV 'Goat Rocks',₹ 2 367,MRP : ₹ 2 495
382,https://www.nike.com/in/t/air-jordan-1-low-se-shoes-sfwkJ2/DN3739-060,Air Jordan 1 Low SE,₹ 9 207,MRP : ₹ 9 695
383,https://www.nike.com/in/t/air-older-t-shirt-Gr1C2t/DR9656-010,Nike Air,₹ 1 137,MRP : ₹ 1 195
384,https://www.nike.com/in/t/superrep-go-3-next-nature-flyknit-training-shoes-mxKptW/DH3394-400,Nike SuperRep Go 3 Next Nature Flyknit,₹ 8 447,MRP : ₹ 8 895
385,https://www.nike.com/in/t/dri-fit-adv-aerobill-heritage86-perforated-golf-hat-1fMnSx/DH1916-530,Nike Dri-FIT ADV AeroBill Heritage86,₹ 1 607,MRP : ₹ 1 695
386,https://www.nike.com/in/t/sportswear-circa-50-french-terry-trousers-SmBRbV/DQ6227-219,Nike Sportswear Circa 50,₹ 5 027,MRP : ₹ 5 295
387,https://www.nike.com/in/t/nikecourt-legacy-shoes-ZVsQtp/DX3216-100,NikeCourt Legacy,₹ 5 977,MRP : ₹ 6 295
388,https://www.nike.com/in/t/dunk-low-se-shoes-vtN78k/DX3197-095,Nike Dunk Low SE,₹ 9 207,MRP : ₹ 9 695
389,https://www.nike.com/in/t/dri-fit-swoosh-fly-boxy-tee-q4vhjq/DV2374-100,Nike Dri-FIT Swoosh Fly,₹ 2 087,MRP : ₹ 2 195
390,https://www.nike.com/in/t/sportswear-t-shirt-7S00r3/DX3486-100,Nike Sportswear,₹ 2 087,MRP : ₹ 2 195
391,https://www.nike.com/in/t/all-star-edition-jordan-dri-fit-nba-swingman-jersey-QGZSfd/DH8043-027,All-Star Edition,₹ 5 697,MRP : ₹ 5 995
392,https://www.nike.com/in/t/air-max-97-se-shoes-LJVTjv/DX3279-010,Nike Air Max 97 SE,₹ 16 147,MRP : ₹ 16 995
393,https://www.nike.com/in/t/ecohaven-next-nature-slides-zkNh14/DH0293-100,Nike EcoHaven Next Nature,₹ 3 507,MRP : ₹ 3 695
394,https://www.nike.com/in/t/acg-older-convertible-jacket-qvMNsk/DQ8732-010,Nike ACG Storm-FIT,₹ 4 557,MRP : ₹ 4 795
395,https://www.nike.com/in/t/sportswear-older-woven-cargo-shorts-MFLVkq/DX6298-010,Nike Sportswear,₹ 2 367,MRP : ₹ 2 495
396,https://www.nike.com/in/t/dri-fit-just-do-it-basketball-t-shirt-xt0vRh/DR7640-100,Nike Dri-FIT,₹ 2 087,MRP : ₹ 2 195
397,https://www.nike.com/in/t/dunk-low-retro-se-shoes-chsffk/DH7614-001,Nike Dunk Low Retro SE,₹ 9 207,MRP : ₹ 9 695
398,https://www.nike.com/in/t/air-presto-shoe-XPTb7gYg/878068-608,Nike Air Presto,₹ 11 297,MRP : ₹ 11 895
399,https://www.nike.com/in/t/jordan-23-engineered-top-GRCjx0/DO4499-030,Jordan 23 Engineered,₹ 3 797,MRP : ₹ 3 995
400,https://www.nike.com/in/t/ace-summerlite-golf-shoe-DzBpqQ/DA4117-511,Nike Ace Summerlite,₹ 7 877,MRP : ₹ 8 295
401,https://www.nike.com/in/t/zoom-fly-5-road-running-shoes-3sF4CW/DM8974-300,Nike Zoom Fly 5,₹ 14 247,MRP : ₹ 14 995
402,https://www.nike.com/in/t/air-max-excee-shoes-CsLRFD/DX3315-043,Nike Air Max Excee,₹ 8 257,MRP : ₹ 8 695
403,https://www.nike.com/in/t/one-luxe-icon-clash-mid-rise-pocket-training-leggings-W3cRxT/DM7624-446,Nike One Luxe Icon Clash,₹ 5 027,MRP : ₹ 5 295
404,https://www.nike.com/in/t/air-zoom-pegasus-39-air-hola-lou-road-running-shoes-HzV9f8/DO9500-300,Nike Air Zoom Pegasus 39 A.I.R. Hola Lou,₹ 11 297,MRP : ₹ 11 895
405,https://www.nike.com/in/t/sportswear-swoosh-t-shirt-hcjlgq/DM6344-709,Nike Sportswear Swoosh,₹ 1 707,MRP : ₹ 1 795
406,https://www.nike.com/in/t/victori-one-next-nature-slides-w9tzLL/DM8598-200,Nike Victori One Next Nature,₹ 2 847,MRP : ₹ 2 995
407,https://www.nike.com/in/t/air-max-flyknit-racer-shoes-rVNTNl/DM9073-300,Nike Air Max Flyknit Racer,₹ 14 247,MRP : ₹ 14 995
408,https://www.nike.com/in/t/force-1-toggle-se-shoes-Gfwzrd/DQ0366-700,Nike Force 1 Toggle SE,₹ 5 407,MRP : ₹ 5 695
409,https://www.nike.com/in/t/sportswear-essential-woven-jacket-cg6FlB/DM6182-530,Nike Sportswear Essential,₹ 5 697,MRP : ₹ 5 995
410,https://www.nike.com/in/t/dbreak-shoes-k50G40/DX3313-100,Nike DBreak,₹ 8 257,MRP : ₹ 8 695
411,https://www.nike.com/in/t/acg-swoosh-new-sands-support-padded-reversible-sports-bra-0kljM7/DD2401-325,"Nike ACG Swoosh ""New Sands""",₹ 2 657,MRP : ₹ 2 795
412,https://www.nike.com/in/t/acg-air-deschutz-sandals-37g5JX/DO8951-002,ACG Air Deschutz+,₹ 5 977,MRP : ₹ 6 295
413,https://www.nike.com/in/t/react-infinity-run-flyknit-2-road-running-shoes-n77q2N/DJ5396-100,Nike React Infinity Run Flyknit 2,₹ 13 767,MRP : ₹ 14 495
414,https://www.nike.com/in/t/liverpool-fc-repel-academy-awf-football-jacket-zSjst0/DM2968-652,Liverpool F.C. Repel Academy AWF,₹ 3 797,MRP : ₹ 3 995
415,https://www.nike.com/in/t/club-unlined-woven-joggers-W8wX6T/DQ4586-206,Nike Club+,₹ 4 077,MRP : ₹ 4 295
416,https://www.nike.com/in/t/air-max-dawn-shoes-LVntLp/DC4068-100,Nike Air Max Dawn,₹ 8 827,MRP : ₹ 9 295
417,https://www.nike.com/in/t/dri-fit-3-4-woven-team-training-trousers-LP2rHB/DM6624-073,Nike Dri-FIT,₹ 2 467,MRP : ₹ 2 595
418,https://www.nike.com/in/t/acg-air-mada-shoes-KtQMqp/DO9332-200,Nike ACG Air Mada,₹ 11 297,MRP : ₹ 11 895
419,https://www.nike.com/in/t/dri-fit-adv-run-division-engineered-tank-DC58NC/DQ5941-010,Nike Dri-FIT ADV Run Division,₹ 4 267,MRP : ₹ 4 495
420,https://www.nike.com/in/t/polo-striped-polo-VkklQc/DH0901-025,The Nike Polo,₹ 3 127,MRP : ₹ 3 295
421,https://www.nike.com/in/t/one-luxe-mid-rise-printed-training-leggings-6G8gh5/DQ4140-058,Nike One Luxe,₹ 5 027,MRP : ₹ 5 295
422,https://www.nike.com/in/t/esc-knit-jumper-qXBbjT/DN4102-012,Nike ESC,₹ 16 147,MRP : ₹ 16 995
423,https://www.nike.com/in/t/jordan-flight-mvp-t-shirt-JPv1nr/DQ7366-383,Jordan Flight MVP,₹ 1 707,MRP : ₹ 1 795
424,https://www.nike.com/in/t/nikecourt-air-zoom-vapor-pro-hard-court-tennis-shoe-lDZs2D/CZ0222-400,NikeCourt Air Zoom Vapor Pro,₹ 9 777,MRP : ₹ 10 295
425,https://www.nike.com/in/t/air-jordan-1-retro-high-og-shoes-a7Zzxm/555088-706,Air Jordan 1 Retro High OG,₹ 14 717,MRP : ₹ 15 495
426,https://www.nike.com/in/t/nikecourt-vapor-lite-hard-court-tennis-shoes-rkl5kR/DC3432-400,NikeCourt Vapor Lite,₹ 6 457,MRP : ₹ 6 795
427,https://www.nike.com/in/t/dri-fit-swoosh-run-mid-rise-brief-lined-running-shorts-NLHlXB/DM7774-371,Nike Dri-FIT Swoosh Run,₹ 1 987,MRP : ₹ 2 095
428,https://www.nike.com/in/t/dunk-high-retro-se-shoes-0sq8XC/DO9775-200,Nike Dunk High Retro SE,₹ 10 727,MRP : ₹ 11 295
429,https://www.nike.com/in/t/streakfly-road-racing-shoes-V17qZm/DJ6566-100,Nike Streakfly,₹ 14 247,MRP : ₹ 14 995
430,https://www.nike.com/in/t/acg-adv-cascade-rains-jacket-F34vxk/DN3913-579,Nike ACG Storm-FIT ADV 'Cascade Rains',₹ 9 497,MRP : ₹ 9 995
431,https://www.nike.com/in/t/air-max-97-og-shoes-pKxPsp/DM0028-400,Nike Air Max 97 OG,₹ 16 147,MRP : ₹ 16 995
432,https://www.nike.com/in/t/downshifter-12-older-road-running-shoes-V10vNr/DM4194-001,Nike Downshifter 12,₹ 3 697,MRP : ₹ 3 895
433,https://www.nike.com/in/t/air-more-uptempo-96-shoes-Tb6ZJ1/DV1879-001,Nike Air More Uptempo '96,₹ 15 197,MRP : ₹ 15 995
434,https://www.nike.com/in/t/defy-all-day-training-shoe-LtD2G1/DJ1196-100,Nike Defy All Day,₹ 4 747,MRP : ₹ 4 995
435,https://www.nike.com/in/t/offcourt-se-slides-0Xk9Zt/DO9780-100,Nike Offcourt SE,₹ 2 847,MRP : ₹ 2 995
436,https://www.nike.com/in/t/dri-fit-basketball-shorts-rGn5m1/DH7165-657,Nike Dri-FIT,₹ 1 707,MRP : ₹ 1 795
437,https://www.nike.com/in/t/acg-insects-long-sleeve-t-shirt-f0LDLr/DR7760-121,"Nike ACG ""Insects""",₹ 2 747,MRP : ₹ 2 895
438,https://www.nike.com/in/t/air-deschutz-se-shoes-3QwH7c/DQ4457-200,Nike Air Deschutz +SE,₹ 6 737,MRP : ₹ 7 095
439,https://www.nike.com/in/t/acg-1-2-zip-top-vNkm85/DN3954-378,Nike ACG,₹ 6 837,MRP : ₹ 7 195
440,https://www.nike.com/in/t/everyday-essential-crew-socks-VKXr4t/DH6170-905,Nike Everyday Essential,₹ 1 037,MRP : ₹ 1 095
441,https://www.nike.com/in/t/everyday-essential-golf-crew-socks-jn4DBq/DH5472-068,Nike Everyday Essential,₹ 847,MRP : ₹ 895
442,https://www.nike.com/in/t/academy-over-calf-football-socks-3LZwVZ/SX4120-401,Nike Academy,₹ 567,MRP : ₹ 595
